代码,名称,类型,调整天数,单阳日
600732,爱旭股份,中势型(稳健),6,2026-02-09
688556,高测股份,中势型(稳健),4,2026-01-15
688432,有研硅,中势型(稳健),5,2026-01-16
601777,千里科技,强势型(优先),2,2026-02-13
603861,白云电器,强势型(优先),1,2026-02-24
600452,涪陵电力,中势型(稳健),5,2026-02-10
600667,太极实业,强势型(优先),1,2026-02-24
000811,冰轮环境,强势型(优先),1,2026-02-24
002478,常宝股份,强势型(优先),1,2026-02-24
002283,天润工业,强势型(优先),1,2026-02-24
002012,凯恩股份,中势型(稳健),4,2026-02-11
688176,亚虹医药,中势型(稳健),6,2026-01-15
603601,再升科技,强势型(优先),1,2026-02-24
000571,新大洲A,中势型(稳健),5,2026-02-10
002448,中原内配,强势型(优先),3,2026-02-12
605555,德昌股份,中势型(稳健),5,2026-02-10
000949,新乡化纤,中势型(稳健),6,2026-02-09
600470,六国化工,强势型(优先),1,2026-02-24
603466,风语筑,强势型(优先),1,2026-02-24
603876,鼎胜新材,中势型(稳健),4,2026-02-11
605228,神通科技,中势型(稳健),6,2026-02-09
600295,鄂尔多斯,中势型(稳健),4,2026-02-11
603328,依顿电子,中势型(稳健),5,2026-02-10
001217,华尔泰,中势型(稳健),5,2026-02-10
603985,恒润股份,中势型(稳健),6,2026-02-09
603618,杭电股份,中势型(稳健),4,2026-02-11
603730,岱美股份,中势型(稳健),6,2026-02-09
600916,中国黄金,强势型(优先),1,2026-02-24
002810,山东赫达,中势型(稳健),4,2026-02-11
002215,诺 普 信,中势型(稳健),5,2026-02-10
603002,宏昌电子,强势型(优先),1,2026-02-24
002548,金新农,中势型(稳健),6,2026-02-09
002716,湖南白银,中势型(稳健),6,2026-02-09
600668,尖峰集团,中势型(稳健),5,2026-02-10
002340,格林美,中势型(稳健),4,2026-02-11
600326,西藏天路,中势型(稳健),5,2026-02-10
000582,北部湾港,中势型(稳健),4,2026-02-11
002131,利欧股份,强势型(优先),3,2026-02-12
002196,方正电机,中势型(稳健),5,2026-02-10
601222,林洋能源,中势型(稳健),6,2026-02-09
688597,煜邦电力,中势型(稳健),5,2026-01-16
688096,京源环保,中势型(稳健),4,2026-01-15
000850,华茂股份,中势型(稳健),4,2026-02-11
600397,江钨装备,强势型(优先),2,2026-02-13
603162,海通发展,中势型(稳健),5,2026-02-10
000829,天音控股,中势型(稳健),5,2026-02-10
600615,鑫源智造,中势型(稳健),6,2026-02-09
600353,旭光电子,中势型(稳健),6,2026-02-09
688517,金冠电气,中势型(稳健),4,2026-01-19
605366,宏柏新材,中势型(稳健),6,2026-02-09
600079,人福医药,中势型(稳健),4,2025-12-19
002806,华锋股份,中势型(稳健),5,2026-02-10
603588,高能环境,强势型(优先),1,2026-02-24
002440,闰土股份,中势型(稳健),5,2026-02-10
002054,德美化工,中势型(稳健),6,2026-02-09
002634,棒杰股份,中势型(稳健),5,2026-02-10
603330,天洋新材,强势型(优先),1,2026-02-24
600352,浙江龙盛,中势型(稳健),6,2026-02-09
600207,安彩高科,中势型(稳健),5,2026-02-10
603660,苏州科达,中势型(稳健),6,2026-02-09
600299,安迪苏,中势型(稳健),4,2026-02-11
600869,远东股份,强势型(优先),1,2026-02-24
000612,焦作万方,中势型(稳健),4,2026-02-11
002416,爱施德,中势型(稳健),6,2026-02-09
688156,路德环境,中势型(稳健),4,2026-01-19
688179,阿拉丁,中势型(稳健),5,2026-01-16
002144,宏达高科,中势型(稳健),6,2026-02-09
